claim_id,actual_class,python_predicted_class,python_conf_valid,python_conf_invalid,python_conf_manual,tm_card_filename,tm_predicted_class,tm_conf_valid,tm_conf_invalid,tm_conf_manual,predicted_class_match,top_class_confidence_diff,model_consistency_status,warranty_rule_result,missing_documents,contradictions_detected,duplicate_claim_indicators,final_application_decision,explanation_of_disagreements
CLM-00076,Invalid Claim,Invalid Claim,0.005,0.9945,0.0005,data/test/cards/invalid_claim/CLM-00076.png,Invalid Claim,0.0,0.9985,0.0015,Yes,0.004,Strong Match,UNKNOWN,None,no,no,Likely Invalid,The claim fails a critical warranty rule: POLICY_SERIAL_MISMATCH: Provided serial number does not match registered device records.. The rule engine identifies a hard violation that makes this claim ineligible for warranty coverage.
CLM-00336,Invalid Claim,Invalid Claim,0.0014,0.9969,0.0018,data/test/cards/invalid_claim/CLM-00336.png,Invalid Claim,0.0221,0.9779,0.0,Yes,0.019,Strong Match,UNKNOWN,None,no,no,Likely Invalid,The claim fails a critical warranty rule: POLICY_EXPIRED_WARRANTY: Product warranty has expired prior to fault occurrence.. The rule engine identifies a hard violation that makes this claim ineligible for warranty coverage.
CLM-01080,Invalid Claim,Invalid Claim,0.0014,0.9968,0.0018,data/test/cards/invalid_claim/CLM-01080.png,Invalid Claim,0.0205,0.9679,0.0116,Yes,0.0289,Strong Match,UNKNOWN,None,no,no,Likely Invalid,The claim fails a critical warranty rule: POLICY_EXPIRED_WARRANTY: Product warranty has expired prior to fault occurrence.. The rule engine identifies a hard violation that makes this claim ineligible for warranty coverage.
CLM-00507,Manual Review,Manual Review,0.001,0.0021,0.9969,data/test/cards/manual_review/CLM-00507.png,Manual Review,0.013,0.0,0.987,Yes,0.0099,Strong Match,UNKNOWN,Receipt,no,no,Manual Review Required,"Manual review required due to: 1 rule warning(s). A human reviewer should examine the claim details, evidence, and model outputs before final decision."
CLM-00272,Valid Claim,Valid Claim,0.9968,0.0022,0.001,data/test/cards/valid_claim/CLM-00272.png,Valid Claim,0.982,0.0127,0.0053,Yes,0.0148,Strong Match,UNKNOWN,None,no,no,Likely Valid,Both AI models strongly agree on a valid claim with high confidence. All warranty rules pass without violations. The claim is likely valid and can be approved.
CLM-00213,Invalid Claim,Invalid Claim,0.0059,0.9936,0.0005,data/test/cards/invalid_claim/CLM-00213.png,Invalid Claim,0.0208,0.9792,0.0,Yes,0.0144,Strong Match,UNKNOWN,None,no,no,Likely Invalid,The claim fails a critical warranty rule: POLICY_SERIAL_MISMATCH: Provided serial number does not match registered device records.. The rule engine identifies a hard violation that makes this claim ineligible for warranty coverage.
CLM-01336,Invalid Claim,Invalid Claim,0.0015,0.9968,0.0017,data/test/cards/invalid_claim/CLM-01336.png,Invalid Claim,0.0025,0.9886,0.009,Yes,0.0082,Strong Match,UNKNOWN,None,no,no,Likely Invalid,The claim fails a critical warranty rule: POLICY_EXPIRED_WARRANTY: Product warranty has expired prior to fault occurrence.. The rule engine identifies a hard violation that makes this claim ineligible for warranty coverage.
CLM-00688,Valid Claim,Valid Claim,0.9968,0.0022,0.001,data/test/cards/valid_claim/CLM-00688.png,Valid Claim,0.9658,0.0,0.0342,Yes,0.031,Strong Match,UNKNOWN,None,no,no,Likely Valid,Both AI models strongly agree on a valid claim with high confidence. All warranty rules pass without violations. The claim is likely valid and can be approved.
CLM-00539,Valid Claim,Valid Claim,0.9952,0.0032,0.0016,data/test/cards/valid_claim/CLM-00539.png,Valid Claim,0.9934,0.0066,0.0,Yes,0.0018,Strong Match,UNKNOWN,None,no,no,Likely Valid,Both AI models strongly agree on a valid claim with high confidence. All warranty rules pass without violations. The claim is likely valid and can be approved.
CLM-00576,Invalid Claim,Invalid Claim,0.0024,0.9973,0.0004,data/test/cards/invalid_claim/CLM-00576.png,Invalid Claim,0.0,1.0,0.0,Yes,0.0027,Strong Match,UNKNOWN,None,no,no,Likely Invalid,The claim fails a critical warranty rule: POLICY_EXCLUDED_DAMAGE: Damage type 'wear_and_tear' is an excluded condition.. The rule engine identifies a hard violation that makes this claim ineligible for warranty coverage.
CLM-00968,Valid Claim,Valid Claim,0.9965,0.0024,0.001,data/test/cards/valid_claim/CLM-00968.png,Valid Claim,0.9679,0.0,0.0321,Yes,0.0286,Strong Match,UNKNOWN,None,no,no,Likely Valid,Both AI models strongly agree on a valid claim with high confidence. All warranty rules pass without violations. The claim is likely valid and can be approved.
CLM-01278,Invalid Claim,Invalid Claim,0.0029,0.9967,0.0004,data/test/cards/invalid_claim/CLM-01278.png,Invalid Claim,0.0298,0.947,0.0232,Yes,0.0497,Strong Match,UNKNOWN,None,no,no,Likely Invalid,The claim fails a critical warranty rule: POLICY_EXCLUDED_DAMAGE: Damage type 'environmental_damage' is an excluded condition.. The rule engine identifies a hard violation that makes this claim ineligible for warranty coverage.
CLM-00729,Valid Claim,Valid Claim,0.9953,0.0031,0.0016,data/test/cards/valid_claim/CLM-00729.png,Valid Claim,0.9767,0.0009,0.0223,Yes,0.0186,Strong Match,UNKNOWN,None,no,no,Likely Valid,Both AI models strongly agree on a valid claim with high confidence. All warranty rules pass without violations. The claim is likely valid and can be approved.
CLM-01140,Invalid Claim,Invalid Claim,0.0037,0.9959,0.0004,data/test/cards/invalid_claim/CLM-01140.png,Invalid Claim,0.0,0.9777,0.0223,Yes,0.0182,Strong Match,UNKNOWN,None,no,no,Likely Invalid,The claim fails a critical warranty rule: POLICY_EXCLUDED_DAMAGE: Damage type 'wear_and_tear' is an excluded condition.. The rule engine identifies a hard violation that makes this claim ineligible for warranty coverage.
CLM-00910,Valid Claim,Valid Claim,0.9953,0.003,0.0017,data/test/cards/valid_claim/CLM-00910.png,Valid Claim,0.9745,0.0,0.0255,Yes,0.0208,Strong Match,UNKNOWN,None,no,no,Likely Valid,Both AI models strongly agree on a valid claim with high confidence. All warranty rules pass without violations. The claim is likely valid and can be approved.
CLM-00230,Valid Claim,Valid Claim,0.994,0.0042,0.0018,data/test/cards/valid_claim/CLM-00230.png,Valid Claim,0.9839,0.0161,0.0,Yes,0.0101,Strong Match,UNKNOWN,None,no,no,Likely Valid,Both AI models strongly agree on a valid claim with high confidence. All warranty rules pass without violations. The claim is likely valid and can be approved.
CLM-00001,Manual Review,Manual Review,0.0025,0.0032,0.9943,data/test/cards/manual_review/CLM-00001.png,Manual Review,0.0,0.0222,0.9778,Yes,0.0165,Strong Match,UNKNOWN,None,no,no,Manual Review Required,"Manual review required due to: 1 rule warning(s). A human reviewer should examine the claim details, evidence, and model outputs before final decision."
CLM-00875,Invalid Claim,Invalid Claim,0.0013,0.997,0.0017,data/test/cards/invalid_claim/CLM-00875.png,Invalid Claim,0.0,1.0,0.0,Yes,0.003,Strong Match,UNKNOWN,None,no,no,Likely Invalid,The claim fails a critical warranty rule: POLICY_EXPIRED_WARRANTY: Product warranty has expired prior to fault occurrence.. The rule engine identifies a hard violation that makes this claim ineligible for warranty coverage.
CLM-00364,Valid Claim,Valid Claim,0.995,0.0035,0.0014,data/test/cards/valid_claim/CLM-00364.png,Valid Claim,0.973,0.027,0.0,Yes,0.022,Strong Match,UNKNOWN,None,no,no,Likely Valid,Both AI models strongly agree on a valid claim with high confidence. All warranty rules pass without violations. The claim is likely valid and can be approved.
CLM-00617,Manual Review,Manual Review,0.0014,0.002,0.9966,data/test/cards/manual_review/CLM-00617.png,Manual Review,0.0103,0.0,0.9897,Yes,0.0069,Strong Match,UNKNOWN,Serial Evidence,no,no,Manual Review Required,"Manual review required due to: 2 rule warning(s). A human reviewer should examine the claim details, evidence, and model outputs before final decision."
CLM-00407,Invalid Claim,Invalid Claim,0.0027,0.9957,0.0016,data/test/cards/invalid_claim/CLM-00407.png,Invalid Claim,0.0,0.9758,0.0242,Yes,0.0199,Strong Match,UNKNOWN,None,no,no,Likely Invalid,The claim fails a critical warranty rule: POLICY_EXCLUDED_DAMAGE: Damage type 'environmental_damage' is an excluded condition.. The rule engine identifies a hard violation that makes this claim ineligible for warranty coverage.
CLM-00223,Valid Claim,Valid Claim,0.9914,0.0039,0.0047,data/test/cards/valid_claim/CLM-00223.png,Valid Claim,0.9848,0.0152,0.0,Yes,0.0066,Strong Match,UNKNOWN,None,no,no,Likely Valid,Both AI models strongly agree on a valid claim with high confidence. All warranty rules pass without violations. The claim is likely valid and can be approved.
CLM-01012,Valid Claim,Valid Claim,0.9924,0.0056,0.002,data/test/cards/valid_claim/CLM-01012.png,Valid Claim,0.9845,0.0009,0.0146,Yes,0.0079,Strong Match,UNKNOWN,None,no,no,Likely Valid,Both AI models strongly agree on a valid claim with high confidence. All warranty rules pass without violations. The claim is likely valid and can be approved.
CLM-00113,Valid Claim,Valid Claim,0.991,0.0038,0.0052,data/test/cards/valid_claim/CLM-00113.png,Valid Claim,0.9994,0.0006,0.0,Yes,0.0084,Strong Match,UNKNOWN,None,no,no,Likely Valid,Both AI models strongly agree on a valid claim with high confidence. All warranty rules pass without violations. The claim is likely valid and can be approved.
CLM-00289,Manual Review,Manual Review,0.0015,0.0019,0.9966,data/test/cards/manual_review/CLM-00289.png,Manual Review,0.0,0.0,1.0,Yes,0.0034,Strong Match,UNKNOWN,Serial Evidence,no,no,Manual Review Required,"Manual review required due to: 2 rule warning(s). A human reviewer should examine the claim details, evidence, and model outputs before final decision."
CLM-00157,Invalid Claim,Invalid Claim,0.006,0.9934,0.0006,data/test/cards/invalid_claim/CLM-00157.png,Invalid Claim,0.032,0.968,0.0,Yes,0.0254,Strong Match,UNKNOWN,None,no,no,Likely Invalid,The claim fails a critical warranty rule: POLICY_SERIAL_MISMATCH: Provided serial number does not match registered device records.. The rule engine identifies a hard violation that makes this claim ineligible for warranty coverage.
CLM-00823,Invalid Claim,Invalid Claim,0.0025,0.9966,0.0009,data/test/cards/invalid_claim/CLM-00823.png,Invalid Claim,0.0022,0.9978,0.0,Yes,0.0012,Strong Match,UNKNOWN,None,no,no,Likely Invalid,The claim fails a critical warranty rule: POLICY_EXCLUDED_DAMAGE: Damage type 'environmental_damage' is an excluded condition.. The rule engine identifies a hard violation that makes this claim ineligible for warranty coverage.
CLM-00856,Manual Review,Manual Review,0.0011,0.0016,0.9973,data/test/cards/manual_review/CLM-00856.png,Manual Review,0.0,0.0003,0.9997,Yes,0.0024,Strong Match,UNKNOWN,Receipt,no,no,Manual Review Required,"Manual review required due to: 1 rule warning(s). A human reviewer should examine the claim details, evidence, and model outputs before final decision."
CLM-00172,Manual Review,Manual Review,0.0084,0.001,0.9906,data/test/cards/manual_review/CLM-00172.png,Manual Review,0.0299,0.0273,0.9428,Yes,0.0478,Strong Match,UNKNOWN,None,no,no,Likely Valid,Both AI models strongly agree on a valid claim with high confidence. All warranty rules pass without violations. The claim is likely valid and can be approved.
CLM-01179,Valid Claim,Valid Claim,0.9936,0.0043,0.0021,data/test/cards/valid_claim/CLM-01179.png,Valid Claim,0.9985,0.0,0.0015,Yes,0.0049,Strong Match,UNKNOWN,None,no,no,Likely Valid,Both AI models strongly agree on a valid claim with high confidence. All warranty rules pass without violations. The claim is likely valid and can be approved.
